edition,configuration,features,log_loss,accuracy,brier,log_loss_delta,accuracy_delta,brier_delta
2022,+ StatsBomb event dynamics,45,1.0679227594776854,0.5,0.6227986288896933,-0.013060970034960206,-0.03125,-0.006510148634079838
2022,Baseline scores + state,32,1.0809837295126457,0.53125,0.6293087775237731,0.0,0.0,0.0
2022,+ event + announced lineup,54,1.0845078830261619,0.515625,0.6313390134380004,0.003524153513516204,-0.015625,0.002030235914227241
2022,+ event + lineup + travel,58,1.0954561407030676,0.53125,0.643602128306936,0.014472411190421974,0.0,0.01429335078316285
2022,+ event + lineup + oracle weather + travel,69,1.0964537369220626,0.453125,0.6523121975692162,0.015470007409416953,-0.078125,0.02300342004544309
2022,+ announced lineup,41,1.0972271726957965,0.515625,0.6378237171724243,0.016243443183150852,-0.015625,0.008514939648651132
